-- Adminer 4.7.6 MySQL dump

SET NAMES utf8;
SET time_zone = '+00:00';
SET foreign_key_checks = 0;
SET sql_mode = 'NO_AUTO_VALUE_ON_ZERO';

SET NAMES utf8mb4;

DROP TABLE IF EXISTS `ev_to_add_event`;
CREATE TABLE `ev_to_add_event` (
  `id` int(11) NOT NULL AUTO_INCREMENT,
  `event_name` varchar(100) NOT NULL,
  `event_title` varchar(100) NOT NULL,
  `tickets` json NOT NULL,
  `venue_name` varchar(100) NOT NULL,
  `address` varchar(100) NOT NULL,
  `city` varchar(100) NOT NULL,
  `state` varchar(100) NOT NULL,
  `country` varchar(100) NOT NULL,
  `zipcode` varchar(60) NOT NULL,
  `service_tax` varchar(60) NOT NULL DEFAULT '0',
  `tax` varchar(60) NOT NULL DEFAULT '0',
  `start_date` varchar(100) NOT NULL,
  `end_date` varchar(100) NOT NULL,
  `event_category` varchar(100) NOT NULL,
  `event_category_id` int(10) NOT NULL,
  `description` text NOT NULL,
  `event_image` varchar(100) NOT NULL DEFAULT 'event_image-1581920110766.jpeg',
  `event_slug` varchar(100) NOT NULL,
  `start_time` varchar(10) NOT NULL,
  `end_time` varchar(10) NOT NULL,
  `created_at` datetime NOT NULL,
  `updated_at` timestamp NOT NULL DEFAULT CURRENT_TIMESTAMP ON UPDATE CURRENT_TIMESTAMP,
  `thumbnail` varchar(100) NOT NULL DEFAULT 'thumbnail-1581331727699.png',
  `banner_image` varchar(100) DEFAULT NULL,
  `lat` double NOT NULL,
  `lng` double NOT NULL,
  `slider_image1` varchar(100) NOT NULL DEFAULT 'event_image-1581311211974.png',
  `slider_image2` varchar(100) NOT NULL DEFAULT 'slider_image2-1581920119082.jpeg',
  `slider_image3` varchar(100) NOT NULL DEFAULT 'slider_image3-1581920122280.jpeg',
  `min_price` varchar(100) NOT NULL DEFAULT '0',
  `max_price` varchar(100) NOT NULL DEFAULT '0',
  PRIMARY KEY (`id`)
) ENGINE=InnoDB DEFAULT CHARSET=utf8mb4;

INSERT INTO `ev_to_add_event` (`id`, `event_name`, `event_title`, `tickets`, `venue_name`, `address`, `city`, `state`, `country`, `zipcode`, `service_tax`, `tax`, `start_date`, `end_date`, `event_category`, `event_category_id`, `description`, `event_image`, `event_slug`, `start_time`, `end_time`, `created_at`, `updated_at`, `thumbnail`, `banner_image`, `lat`, `lng`, `slider_image1`, `slider_image2`, `slider_image3`, `min_price`, `max_price`) VALUES
(99,	'us ev party',	'us ev',	'[{\"type\": \"Free\", \"count\": 0, \"price\": 0, \"total\": 0, \"package\": \"free\", \"quantity\": 4}, {\"type\": \"Paid\", \"count\": 0, \"price\": 4, \"total\": 0, \"package\": \"paid\", \"quantity\": 5}]',	'united street',	'Santiago',	'Santiago Province',	'Santiago Metropolitan Region',	'Chile',	'undefined',	'2',	'2',	'2020-05-11',	'2020-06-30',	'Wedding',	11,	'<p><strong>Lorem Ipsum</strong> is simply dummy text of the printing and typesetting industry. Lorem Ipsum has been the industry\'s standard dummy text ever since the 1500s, when an unknown printer took a galley of type and scrambled it to make a type specimen book. It has survived not only five centuries, but also the leap into electronic typesetting, remaining essentially unchanged. It was popularised in the 1960s with the release of Letraset sheets containing Lorem Ipsum passages, and more recently with desktop publishing software like Aldus PageMaker including versions of Lorem Ipsum</p>',	'uploads-1585304519295.jpeg',	'giuqgwigfwe1583838842000',	'02:34',	'23:02',	'2020-03-10 11:14:02',	'2020-03-27 10:38:23',	'thumbnail-1585304519275.jpeg',	'uploads-1585305503160.jpeg',	30.7333,	76.7794,	'default-slider1.jpg',	'default-slider2.jpg',	'default-slider3.jpg',	'0',	'4'),
(100,	'canada ev party',	'canada ev',	'[{\"type\": \"Free\", \"count\": 0, \"price\": 0, \"total\": 0, \"package\": \"free\", \"quantity\": 6}, {\"type\": \"Paid\", \"count\": 0, \"price\": 2, \"total\": 0, \"package\": \"normal\", \"quantity\": 12}]',	'canada street',	'Çanakkale',	'Çanakkale Merkez',	'Çanakkale',	'Turkey',	'60612',	'2',	'3',	'2020-05-11',	'2020-06-30',	'Educational',	11,	'<p><strong>Lorem Ipsum</strong> is simply dummy text of the printing and typesetting industry. Lorem Ipsum has been the industry\'s standard dummy text ever since the 1500s, when an unknown printer took a galley of type and scrambled it to make a type specimen book. It has survived not only five centuries, but also the leap into electronic typesetting, remaining essentially unchanged. It was popularised in the 1960s with the release of Letraset sheets containing Lorem Ipsum passages, and more recently with desktop publishing software like Aldus PageMaker including versions of Lorem Ipsum</p>',	'uploads-1585305439576.jpeg',	'wigfiuewf1583840356000',	'02:03',	'23:08',	'2020-03-10 11:39:16',	'2020-03-27 10:38:21',	'thumbnail-1585305439559.jpeg',	'uploads-1585305501617.jpeg',	30.7333,	76.7794,	'default-slider1.jpg',	'default-slider2.jpg',	'default-slider3.jpg',	'0',	'2'),
(101,	'test  tr',	'test tr',	'[{\"type\": \"Free\", \"count\": 0, \"price\": 0, \"total\": 0, \"package\": \"wwfq\", \"quantity\": 6}, {\"type\": \"Paid\", \"count\": 0, \"price\": 3, \"total\": 0, \"package\": \"wfwqf\", \"quantity\": 10}]',	'test venu ev',	'Santiago',	'Santiago Province',	'Santiago Metropolitan Region',	'Chile',	'',	'2',	'3',	'2020-05-18',	'2020-06-30',	'Educational',	13,	'<p><strong>Lorem Ipsum</strong> is simply dummy text of the printing and typesetting industry. Lorem Ipsum has been the industry\'s standard dummy text ever since the 1500s, when an unknown printer took a galley of type and scrambled it to make a type specimen book. It has survived not only five centuries, but also the leap into electronic typesetting, remaining essentially unchanged. It was popularised in the 1960s with the release of Letraset sheets containing Lorem Ipsum passages, and more recently with desktop publishing software like Aldus PageMaker including versions of Lorem Ipsum</p>',	'uploads-1585305469293.jpeg',	'fqwfqwfwq1583906780000',	'02:04',	'23:05',	'2020-03-11 06:06:20',	'2020-03-27 10:37:49',	'thumbnail-1585305469273.jpeg',	'uploads-1585305386087.jpeg',	30.7333,	76.7794,	'default-slider1.jpg',	'default-slider2.jpg',	'default-slider3.jpg',	'0',	'3'),
(102,	'test ev',	'test ev',	'[{\"type\": \"Free\", \"count\": 0, \"price\": 0, \"total\": 0, \"package\": \"fgfhgfhg\", \"quantity\": 4}, {\"type\": \"Paid\", \"count\": 0, \"price\": 5436, \"total\": 0, \"package\": \"fgdfgfg\", \"quantity\": 4}]',	'dwqdqwd',	'La Romana 22000, Dominican Republic',	'La Romana',	'La Altagracia',	'Dominican Republic',	'22000',	'2',	'2',	'2020-05-19',	'2020-06-30',	'Wedding',	9,	'<p><strong>Lorem Ipsum</strong> is simply dummy text of the printing and typesetting industry. Lorem Ipsum has been the industry\'s standard dummy text ever since the 1500s, when an unknown printer took a galley of type and scrambled it to make a type specimen book. It has survived not only five centuries, but also the leap into electronic typesetting, remaining essentially unchanged. It was popularised in the 1960s with the release of Letraset sheets containing Lorem Ipsum passages, and more recently with desktop publishing software like Aldus PageMaker including versions of Lorem Ipsum</p>',	'uploads-1585305378496.jpeg',	'testtesttestetsts1583907035000',	'01:33',	'15:04',	'2020-03-11 06:10:35',	'2020-03-27 10:36:18',	'thumbnail-1585305378478.jpeg',	'default-banner.jpg',	30.7333,	76.7794,	'default-slider1.jpg',	'default-slider2.jpg',	'default-slider3.jpg',	'0',	'5436'),
(103,	'test ev33',	'test ev34',	'[{\"type\": \"Free\", \"count\": 0, \"price\": 0, \"total\": 0, \"package\": \"fgfhgfhg\", \"quantity\": 4}, {\"type\": \"Paid\", \"count\": 0, \"price\": 5436, \"total\": 0, \"package\": \"fgdfgfg\", \"quantity\": 4}]',	'dsfdsfdsf',	'Santo Domingo, Dominican Republic',	'Los Alcarrizos',	'Distrito Nacional',	'Dominican Republic',	'',	'2',	'1',	'2020-03-24',	'2020-06-30',	'Wedding',	9,	'<p>grgfhgfhgfh dsfdsd sdfdd sgdgdg fedsf</p>',	'uploads-1585305363726.jpeg',	'sfdsfdsf1583911274000',	'12:36',	'13:56',	'2020-03-11 07:21:14',	'2020-03-27 10:36:03',	'thumbnail-1585305363711.jpeg',	'uploads-1585305342400.jpeg',	30.7333,	76.7794,	'default-slider1.jpg',	'default-slider2.jpg',	'default-slider3.jpg',	'0',	'5436'),
(104,	'alto event',	'alto ev',	'[{\"type\": \"Free\", \"count\": 0, \"price\": 0, \"total\": 0, \"package\": \"free1\", \"quantity\": 7}, {\"type\": \"Paid\", \"count\": 0, \"price\": 3, \"total\": 0, \"package\": \"normal2\", \"quantity\": 10}]',	'alto event',	'La Romana 22000, Dominican Republic',	'La Romana',	'La Altagracia',	'Dominican Republic',	'22000',	'2',	'3',	'2020-03-26',	'2020-04-30',	'Educational',	10,	'<p><strong>Lorem Ipsum</strong> is simply dummy text of the printing and typesetting industry. Lorem Ipsum has been the industry\'s standard dummy text ever since the 1500s, when an unknown printer took a galley of type and scrambled it to make a type specimen book. It has survived not only five centuries, but also the leap into electronic typesetting, remaining essentially unchanged. It was popularised in the 1960s with the release of Letraset sheets containing Lorem Ipsum passages, and more recently with desktop publishing software like Aldus PageMaker including versions of Lorem Ipsum</p>',	'uploads-1585305335701.jpeg',	'fvuqgugfuwq1584697226000',	'14:03',	'17:04',	'2020-03-20 09:40:26',	'2020-03-27 10:35:35',	'thumbnail-1585305335683.jpeg',	'uploads-1585305297403.jpeg',	30.7333,	76.7794,	'uploads-1584697325843.jpeg',	'uploads-1584697329517.jpeg',	'uploads-1584697335442.jpeg',	'0',	'3'),
(105,	'test event',	'test event',	'[{\"type\": \"Paid\", \"count\": 0, \"price\": 100, \"total\": 0, \"package\": \"paid\", \"quantity\": 20}]',	'test',	'Santiago, Santiago Metropolitan Region, Chile',	'Santiago Province',	'Santiago Metropolitan Region',	'Chile',	'',	'2',	'10',	'2020-03-31',	'2020-04-30',	'5',	11,	'<p>test</p>',	'uploads-1585305264384.jpeg',	'test event1585023560000',	'11:00',	'21:00',	'2020-03-24 04:19:20',	'2020-03-27 10:34:50',	'thumbnail-1585305264366.jpeg',	'uploads-1585305290056.jpeg',	30.7333,	76.7794,	'uploads-1585023582296.jpeg',	'uploads-1585023585777.jpeg',	'uploads-1585023589788.jpeg',	'100',	'100'),
(106,	'Test event one',	'test event one',	'[{\"type\": \"Free\", \"count\": 0, \"price\": 0, \"total\": 0, \"package\": \"free\", \"quantity\": 10}, {\"type\": \"Paid\", \"count\": 0, \"price\": 20, \"total\": 0, \"package\": \"paid\", \"quantity\": 10}]',	'united st 1',	'Punta Cana, Dominican Republic',	'punta cana',	'La Altagracia',	'Dominican Republic',	'',	'2',	'2',	'2020-03-25',	'2020-04-23',	'13',	13,	'<p><strong>Lorem Ipsum</strong> is simply dummy text of the printing and typesetting industry. Lorem Ipsum has been the industry\'s standard dummy text ever since the 1500s, when an unknown printer took a galley of type and scrambled it to make a type specimen book. It has survived not only five centuries, but also the leap into electronic typesetting, remaining essentially unchanged. It was popularised in the 1960s with the release of Letraset sheets containing Lorem Ipsum passages, and more recently with desktop publishing software like Aldus PageMaker including versions of Lorem Ipsum</p>',	'uploads-1585111686691.jpeg',	'Test event one1585111667000',	'09:00',	'23:00',	'2020-03-25 04:47:47',	'2020-03-27 11:03:38',	'thumbnail-1585111686677.jpeg',	'uploads-1585111678128.jpeg',	30.7333,	76.7794,	'uploads-1585111690055.jpeg',	'uploads-1585111694516.jpeg',	'uploads-1585111699516.jpeg',	'0',	'20'),
(107,	'test event 2',	'test event 2',	'[{\"type\": \"Free\", \"count\": 0, \"price\": 0, \"total\": 0, \"package\": \"free\", \"quantity\": 10}, {\"type\": \"Paid\", \"count\": 0, \"price\": 10, \"total\": 0, \"package\": \"paid\", \"quantity\": 10}]',	'canada ev',	'Santo Domingo, Dominican Republic',	'Los Alcarrizos',	'Distrito Nacional',	'Dominican Republic',	'',	'5',	'5',	'2020-04-03',	'2020-04-23',	'12',	12,	'<p>test description</p>',	'uploads-1585305215430.jpeg',	'test event 21585111911000',	'09:00',	'23:00',	'2020-03-25 04:51:51',	'2020-03-27 11:00:43',	'thumbnail-1585305215415.jpeg',	'uploads-1585306843327.jpeg',	30.7333,	76.7794,	'uploads-1585111931164.jpeg',	'uploads-1585111934654.jpeg',	'uploads-1585111937439.jpeg',	'0',	'10');

DROP TABLE IF EXISTS `ev_to_add_ticket`;
CREATE TABLE `ev_to_add_ticket` (
  `id` int(11) NOT NULL AUTO_INCREMENT,
  `ticket_package` varchar(50) NOT NULL,
  `created_at` datetime NOT NULL,
  `updated_at` timestamp NOT NULL DEFAULT CURRENT_TIMESTAMP ON UPDATE CURRENT_TIMESTAMP,
  PRIMARY KEY (`id`)
) ENGINE=InnoDB DEFAULT CHARSET=utf8mb4;

INSERT INTO `ev_to_add_ticket` (`id`, `ticket_package`, `created_at`, `updated_at`) VALUES
(1,	'Gold',	'2020-01-16 11:53:51',	'2020-01-16 11:27:37'),
(2,	'Silver',	'2020-01-16 11:53:51',	'2020-01-16 11:27:44'),
(3,	'Normal',	'2020-01-16 11:53:51',	'2020-02-25 06:35:15'),
(4,	'Vip',	'2020-01-16 11:53:51',	'2020-01-16 11:27:57');

DROP TABLE IF EXISTS `ev_to_apply_coupon`;
CREATE TABLE `ev_to_apply_coupon` (
  `id` int(11) NOT NULL AUTO_INCREMENT,
  `event_id` int(100) NOT NULL,
  `user_id` int(100) NOT NULL,
  `coupon_code` varchar(200) NOT NULL,
  `created_at` datetime NOT NULL,
  `updated_at` timestamp NOT NULL DEFAULT CURRENT_TIMESTAMP ON UPDATE CURRENT_TIMESTAMP,
  `coupon_slug` varchar(200) NOT NULL,
  `is_used` varchar(30) NOT NULL DEFAULT 'false',
  PRIMARY KEY (`id`)
) ENGINE=InnoDB DEFAULT CHARSET=latin1;

INSERT INTO `ev_to_apply_coupon` (`id`, `event_id`, `user_id`, `coupon_code`, `created_at`, `updated_at`, `coupon_slug`, `is_used`) VALUES
(18,	99,	59,	'NEWCOUPONCODE',	'2020-03-27 06:39:14',	'2020-03-27 06:39:14',	'NEWCOUPONCODE1585291154000',	'true'),
(19,	99,	61,	'NEWCOUPONCODE',	'2020-03-27 07:01:26',	'2020-03-27 07:01:27',	'NEWCOUPONCODE1585292486000',	'true');

DROP TABLE IF EXISTS `ev_to_category`;
CREATE TABLE `ev_to_category` (
  `id` int(11) NOT NULL AUTO_INCREMENT,
  `category` varchar(50) NOT NULL,
  `created_at` datetime NOT NULL,
  `updated_at` timestamp NOT NULL DEFAULT CURRENT_TIMESTAMP ON UPDATE CURRENT_TIMESTAMP,
  PRIMARY KEY (`id`)
) ENGINE=InnoDB DEFAULT CHARSET=utf8mb4;

INSERT INTO `ev_to_category` (`id`, `category`, `created_at`, `updated_at`) VALUES
(2,	'Business',	'2020-01-16 12:58:12',	'2020-01-16 07:28:12'),
(3,	'Sports',	'2020-01-16 12:58:19',	'2020-01-16 07:28:19'),
(4,	'Wedding',	'2020-01-16 12:58:27',	'2020-02-20 04:28:26'),
(5,	'Educational',	'2020-01-16 12:58:36',	'2020-01-16 07:28:36'),
(6,	'Music',	'2020-01-20 11:25:22',	'2020-02-20 04:27:06'),
(9,	'Deportes',	'2020-03-25 04:42:19',	'2020-03-25 04:42:19'),
(10,	'Conciertos',	'2020-03-25 04:43:01',	'2020-03-25 04:43:01'),
(11,	'Arte',	'2020-03-25 04:43:20',	'2020-03-25 04:43:20'),
(12,	'Cultura',	'2020-03-25 04:43:40',	'2020-03-25 04:43:40'),
(13,	'Teatro',	'2020-03-25 04:43:58',	'2020-03-25 04:43:58');

DROP TABLE IF EXISTS `ev_to_coupon`;
CREATE TABLE `ev_to_coupon` (
  `id` int(11) NOT NULL AUTO_INCREMENT,
  `event_id` int(100) NOT NULL,
  `event_name` varchar(100) NOT NULL,
  `coupon_code` varchar(100) NOT NULL,
  `coupon_slug` varchar(200) NOT NULL,
  `coupon_limit` int(100) NOT NULL,
  `coupon_discount` double NOT NULL,
  `coupon_expire_date` date NOT NULL,
  `is_expire` varchar(20) NOT NULL DEFAULT 'false',
  `created_at` datetime NOT NULL,
  `updated_at` timestamp NOT NULL DEFAULT CURRENT_TIMESTAMP ON UPDATE CURRENT_TIMESTAMP,
  PRIMARY KEY (`id`)
) ENGINE=InnoDB DEFAULT CHARSET=utf8mb4;

INSERT INTO `ev_to_coupon` (`id`, `event_id`, `event_name`, `coupon_code`, `coupon_slug`, `coupon_limit`, `coupon_discount`, `coupon_expire_date`, `is_expire`, `created_at`, `updated_at`) VALUES
(2,	99,	'KARAOKE NIGHT',	'NEWCOUPONCODE',	'q3k5k9355lgq1582613194000',	4,	2,	'2020-03-31',	'false',	'2020-02-25 06:46:34',	'2020-03-27 07:01:27'),
(3,	58,	'Happy Wedding',	'TEST123COUPON',	'a05yie06u8jz1582862519000',	2,	2,	'2020-03-08',	'true',	'2020-02-28 04:01:59',	'2020-03-02 04:44:17');

DROP TABLE IF EXISTS `ev_to_payment`;
CREATE TABLE `ev_to_payment` (
  `id` int(11) NOT NULL AUTO_INCREMENT,
  `user_id` int(100) NOT NULL,
  `event_id` int(100) NOT NULL,
  `payment` json NOT NULL,
  `ticket` json NOT NULL,
  PRIMARY KEY (`id`)
) ENGINE=InnoDB DEFAULT CHARSET=latin1;


DROP TABLE IF EXISTS `ev_to_signup`;
CREATE TABLE `ev_to_signup` (
  `id` int(11) NOT NULL AUTO_INCREMENT,
  `email` varchar(100) NOT NULL,
  `phone` varchar(100) NOT NULL,
  `zipcode` varchar(100) NOT NULL,
  `address1` varchar(100) NOT NULL,
  `address2` varchar(100) NOT NULL,
  `password` varchar(400) NOT NULL,
  `first_name` varchar(400) NOT NULL,
  `verify` varchar(10) NOT NULL DEFAULT '0' COMMENT '0 for not veried, 1 for verified, 2 for link expire',
  `last_name` varchar(10) NOT NULL,
  `role` varchar(10) NOT NULL COMMENT '1 for admin , 2 for user',
  `status` varchar(10) NOT NULL COMMENT '1 for active, 2 for deactive',
  `user_slug` varchar(300) NOT NULL,
  `created_at` datetime NOT NULL,
  `updated_at` timestamp NOT NULL DEFAULT CURRENT_TIMESTAMP ON UPDATE CURRENT_TIMESTAMP,
  PRIMARY KEY (`id`)
) ENGINE=InnoDB DEFAULT CHARSET=utf8mb4;

INSERT INTO `ev_to_signup` (`id`, `email`, `phone`, `zipcode`, `address1`, `address2`, `password`, `first_name`, `verify`, `last_name`, `role`, `status`, `user_slug`, `created_at`, `updated_at`) VALUES
(1,	'johane@gmail.com',	'',	'',	'',	'',	'ba5ef51294fea5cb4eadea5306f3ca3b',	'',	'0',	'',	'2',	'2',	'',	'2020-01-16 11:35:13',	'2020-01-16 11:23:50'),
(2,	'tom@gmail.com',	'',	'',	'',	'',	'ba5ef51294fea5cb4eadea5306f3ca3b',	'',	'0',	'',	'2',	'2',	'',	'2020-01-16 11:35:13',	'2020-01-16 11:14:16'),
(3,	'jerry@gmail.com',	'',	'',	'',	'',	'ba5ef51294fea5cb4eadea5306f3ca3b',	'',	'0',	'',	'2',	'1',	'',	'2020-01-16 11:35:13',	'2020-01-16 11:14:08'),
(4,	'danny@gmail.com',	'',	'',	'',	'',	'ba5ef51294fea5cb4eadea5306f3ca3b',	'',	'0',	'',	'2',	'2',	'',	'2020-01-16 11:35:13',	'2020-02-05 12:50:22'),
(6,	'peter@gmail.com',	'',	'',	'',	'',	'ba5ef51294fea5cb4eadea5306f3ca3b',	'',	'0',	'',	'2',	'2',	'',	'2020-01-16 11:35:13',	'2020-01-16 11:13:45'),
(7,	'peter2@gmail.com',	'',	'',	'',	'',	'ba5ef51294fea5cb4eadea5306f3ca3b',	'',	'0',	'',	'2',	'1',	'',	'2020-01-16 11:35:13',	'2020-02-05 12:50:29'),
(10,	'admin@gmail.com',	'',	'',	'',	'',	'e6e061838856bf47e1de730719fb2609',	'',	'0',	'',	'1',	'1',	'',	'2020-01-16 11:35:13',	'2020-01-17 09:34:14'),
(11,	'Ronny@gmail.com',	'',	'',	'',	'',	'ba5ef51294fea5cb4eadea5306f3ca3b',	'',	'0',	'',	'1',	'1',	'',	'2020-01-16 11:53:51',	'2020-01-16 06:23:51'),
(52,	'sachin.eminence@gmail.com',	'',	'',	'',	'',	'992d79b41ff68083579ffe04bc390c12',	'Sachin',	'0',	'Qa',	'2',	'1',	'jz6myztdenth5i07gtxh_1583148756000',	'2020-03-02 11:32:36',	'2020-03-05 06:54:43'),
(53,	'sachin.eminence1@gmail.com',	'',	'',	'',	'',	'e4b26a305f09cfbd5cb7dad2a9d5fb1c',	'sachin',	'0',	'eminence',	'2',	'1',	'2p6yu2te551a9w9hglgeld_1583149191000',	'2020-03-02 11:39:51',	'2020-03-02 11:39:51'),
(54,	'fsdfsdf@ggd.com',	'',	'',	'',	'',	'4430f199b17c6ebf3d10b60d10d21e1b',	'vfsdgdfh',	'0',	'sddfsd',	'2',	'1',	'z4vgwquso0gim5zlf6vfph_1583323333000',	'2020-03-04 12:02:13',	'2020-03-04 12:02:13'),
(55,	'cimbert@gmail.com',	'',	'',	'',	'',	'c81e8e836be47a0ae5f1724b7adcf1bb',	'Carla',	'0',	'Imbert',	'2',	'1',	'c17u8lfayr2w6ypstkd6g_1583336163000',	'2020-03-04 03:36:03',	'2020-03-04 15:36:03'),
(56,	'qa.eminence@gmail.com',	'',	'',	'',	'',	'c46140e05b2350f7ffc2f5d1fec86414',	'test',	'0',	'qa',	'2',	'2',	'lc9lcitl2vpljtneih7r1_1583380193000',	'2020-03-05 03:49:53',	'2020-03-06 04:18:34'),
(59,	'vikaskumar.eminence@gmail.com',	'08126680036',	'160059',	'875,Phase 4,',	'Sector 59',	'53f0a7dcce57097dabb8678a57c9f94e',	'dwqdwq',	'0',	'wqfwq',	'2',	'1',	'djfiyzu3tdit8wbtt2khla_1583941693000',	'2020-03-11 03:48:13',	'2020-03-13 06:03:14'),
(60,	'aashish.eminence@gmail.com',	'09877061922',	'140308',	'VPO : Sohana',	'Mohali',	'0f6a7c5157210632a154abdf2e878dde',	'Ashish',	'0',	'Sharma',	'2',	'1',	'r9ej1ln85ikf9t9yxrjw9_1583987048000',	'2020-03-12 04:24:08',	'2020-03-12 04:24:08'),
(61,	'test.dev788@gmail.com',	'09877061922',	'140308',	'VPO : Sohana',	'Mohali',	'e13ca86a902c40b12db9e25508ac2fa6',	'Ashish',	'0',	'Sharma',	'2',	'1',	'cunu8gvqyjctdgxgpqndl_1583991436000',	'2020-03-12 05:37:16',	'2020-03-12 05:37:16'),
(62,	'testme@gmail.com',	'09877061922',	'140308',	'VPO : Sohana',	'Mohali',	'0f0f71208ce621d8f4a3fadba5c8a1f4',	'Ashish',	'0',	'Sharma',	'2',	'1',	'cum2pqzzgwq699k6vc12bb_1583992907000',	'2020-03-12 06:01:47',	'2020-03-12 06:01:47'),
(63,	'webapp.xpert@gmail.com',	'09874563211',	'160055',	'84/4, 2nd Floor, Shahi Majra, Phase-5, Cellulosics Rd, Phase 3,',	'Industrial Area Mohali, Sector 58, Sahibzada Ajit Singh Nagar',	'd26ff818c08ee1057531157e010432ca',	'dasdsad',	'0',	'sdasd',	'2',	'1',	'm573z6yraae3dw6m77x88j_1584103020000',	'2020-03-13 12:37:00',	'2020-03-27 12:09:23'),
(64,	'vk40010@gmail.com',	'52525525',	'4245555',	'd',	'oihiowfwq',	'29c1e500f3f703d0c91a1cc1f5f5a4b7',	'safasfas',	'0',	'wwq',	'2',	'1',	'xpqd4ay1ujlmvgj1vyshbm_1585312959000',	'2020-03-27 12:42:39',	'2020-03-27 12:42:39');

DROP TABLE IF EXISTS `ev_to_ticket`;
CREATE TABLE `ev_to_ticket` (
  `id` int(11) NOT NULL AUTO_INCREMENT,
  `event_id` int(11) NOT NULL,
  `ticket_package` varchar(30) NOT NULL DEFAULT '0',
  `ticket_type` varchar(30) NOT NULL DEFAULT '0',
  `quantity` int(30) NOT NULL DEFAULT '0',
  `sale` int(50) NOT NULL DEFAULT '0',
  `is_sale_out` varchar(20) NOT NULL DEFAULT 'false',
  `price` double NOT NULL DEFAULT '0',
  `free_quantity` int(30) NOT NULL DEFAULT '0',
  `free_price` int(30) NOT NULL DEFAULT '0',
  `paid_quantity` int(30) NOT NULL DEFAULT '0',
  `paid_price` int(30) NOT NULL DEFAULT '0',
  `created_at` datetime NOT NULL,
  `updated_at` timestamp NOT NULL DEFAULT CURRENT_TIMESTAMP ON UPDATE CURRENT_TIMESTAMP,
  PRIMARY KEY (`id`)
) ENGINE=InnoDB DEFAULT CHARSET=utf8mb4;

INSERT INTO `ev_to_ticket` (`id`, `event_id`, `ticket_package`, `ticket_type`, `quantity`, `sale`, `is_sale_out`, `price`, `free_quantity`, `free_price`, `paid_quantity`, `paid_price`, `created_at`, `updated_at`) VALUES
(19,	37,	'Normal',	'Paid',	1000,	0,	'false',	100,	0,	0,	0,	0,	'2020-01-27 06:08:14',	'2020-01-27 12:38:14'),
(20,	38,	'Silver',	'Paid',	5000,	0,	'false',	1000,	0,	0,	0,	0,	'2020-01-27 06:14:02',	'2020-01-27 12:44:02'),
(91,	104,	'0',	'0',	0,	0,	'false',	0,	2,	0,	2,	100,	'2020-03-24 07:20:17',	'2020-03-24 07:20:17');

DROP TABLE IF EXISTS `ev_to_users_ticket`;
CREATE TABLE `ev_to_users_ticket` (
  `id` int(11) NOT NULL AUTO_INCREMENT,
  `user_id` int(10) NOT NULL,
  `event_id` int(10) NOT NULL,
  `quantity` varchar(100) NOT NULL DEFAULT '0',
  `ticket_price` varchar(50) NOT NULL DEFAULT '0',
  `qrcode` varchar(200) NOT NULL,
  `qrimage` varchar(200) NOT NULL,
  `isExpire` varchar(10) DEFAULT '1' COMMENT '1 for not expired, 0 for expired',
  `isUsed` varchar(10) NOT NULL DEFAULT '0' COMMENT '1 for used, 0 for not used',
  `booking_id` varchar(30) NOT NULL,
  `total` double NOT NULL DEFAULT '0',
  `created_at` datetime NOT NULL,
  `updated_at` timestamp NOT NULL DEFAULT CURRENT_TIMESTAMP ON UPDATE CURRENT_TIMESTAMP,
  `tickets` json NOT NULL,
  PRIMARY KEY (`id`)
) ENGINE=InnoDB DEFAULT CHARSET=utf8mb4;

INSERT INTO `ev_to_users_ticket` (`id`, `user_id`, `event_id`, `quantity`, `ticket_price`, `qrcode`, `qrimage`, `isExpire`, `isUsed`, `booking_id`, `total`, `created_at`, `updated_at`, `tickets`) VALUES
(1,	1,	100,	'2',	'100',	'n5098ex2m4io_1579506248000.png',	'1579506248000.png',	'1',	'0',	'PB3ARBWO1',	0,	'2020-01-20 01:14:08',	'2020-01-20 07:44:08',	'null'),
(210,	50,	82,	'0',	'0',	'554kvc64y6hm_1583238741',	'1583238741',	'1',	'0',	'P7A2Z4CM',	40,	'2020-03-03 12:32:21',	'2020-03-03 12:32:21',	'null'),
(235,	50,	90,	'0',	'0',	'cn5955vfyceh_1583297972',	'1583297972',	'1',	'0',	'HEFR34XA',	40,	'2020-03-04 04:59:32',	'2020-03-04 04:59:32',	'null'),
(236,	50,	99,	'0',	'0',	'di8dz3lembl8_1583298678',	'1583298678',	'1',	'0',	'TRU7KQ6I',	0,	'2020-03-04 05:11:18',	'2020-03-27 09:39:53',	'null'),
(237,	50,	90,	'0',	'0',	'les0grmctfud_1583298939',	'1583298939',	'1',	'0',	'M5E2ASU7',	0,	'2020-03-04 05:15:39',	'2020-03-04 05:15:39',	'null'),
(238,	50,	90,	'0',	'0',	'btddlruwnmmd_1583299124',	'1583299124',	'1',	'0',	'OEAJCS2Y',	0,	'2020-03-04 05:18:44',	'2020-03-04 05:18:44',	'null'),
(239,	50,	90,	'0',	'0',	'jnn2g3zcr4xv_1583302238',	'1583302238',	'1',	'0',	'6H1WKGMU',	0,	'2020-03-04 06:10:38',	'2020-03-04 06:10:38',	'null'),
(240,	50,	90,	'0',	'0',	'yrl70h8s03h8_1583302756',	'1583302756',	'1',	'0',	'U8CPYQ47',	0,	'2020-03-04 06:19:16',	'2020-03-04 06:19:16',	'null'),
(241,	50,	90,	'0',	'0',	'ddiw2ljfrwle_1583303143',	'1583303143',	'1',	'0',	'42AL1UPK',	0,	'2020-03-04 06:25:43',	'2020-03-04 06:25:43',	'null'),
(242,	50,	90,	'0',	'0',	'sar9q3v04as8_1583303790',	'1583303790',	'1',	'0',	'NAHZCIDM',	0,	'2020-03-04 06:36:30',	'2020-03-04 06:36:30',	'null'),
(243,	50,	90,	'5',	'0',	'caxi61t9lvt7_1583304294',	'1583304294',	'1',	'0',	'JHVGWO5R',	40,	'2020-03-04 06:44:54',	'2020-03-04 06:44:54',	'null'),
(244,	50,	90,	'5',	'0',	'efmgygfixkiu_1583304856',	'1583304856',	'1',	'0',	'6XWCNI4',	40,	'2020-03-04 06:54:16',	'2020-03-04 06:54:16',	'null'),
(245,	50,	90,	'5',	'0',	's5v8jxb9rj7e_1583305428',	'1583305428',	'1',	'0',	'7UVC8S6W',	40,	'2020-03-04 07:03:48',	'2020-03-04 07:03:48',	'null'),
(246,	50,	90,	'5',	'0',	'gej7748v7sec_1583305695',	'1583305695',	'1',	'0',	'735H2SRJ',	40,	'2020-03-04 07:08:15',	'2020-03-04 07:08:15',	'null'),
(247,	50,	90,	'3',	'0',	'zq6secdmap0i_1583306004',	'1583306004',	'1',	'0',	'VM2HGAOU',	25,	'2020-03-04 07:13:24',	'2020-03-04 07:13:24',	'null'),
(248,	50,	90,	'3',	'0',	'3t35dzzx1le9_1583306124',	'1583306124',	'1',	'0',	'BPXA1WMC',	25,	'2020-03-04 07:15:24',	'2020-03-04 07:15:24',	'null'),
(249,	50,	90,	'3',	'0',	'gw4qlur41tyw_1583306164',	'1583306164',	'1',	'0',	'QOC1NPAJ',	25,	'2020-03-04 07:16:04',	'2020-03-04 07:16:05',	'null'),
(250,	50,	90,	'3',	'0',	'ucu4ikporl2i_1583306518',	'1583306518',	'1',	'0',	'ZHL2NITY',	25,	'2020-03-04 07:21:58',	'2020-03-04 07:21:59',	'null'),
(251,	50,	90,	'3',	'0',	'yw8ubbvay1za_1583306906',	'1583306906',	'1',	'0',	'RQUNBO5',	25,	'2020-03-04 07:28:27',	'2020-03-04 07:28:27',	'null'),
(252,	50,	90,	'3',	'0',	'3icwwbs989f6_1583306985',	'1583306985',	'1',	'0',	'GXRFV647',	25,	'2020-03-04 07:29:45',	'2020-03-04 07:29:45',	'null'),
(253,	50,	90,	'3',	'0',	's2aderl22cvx_1583307340',	'1583307340',	'1',	'0',	'D4WBK7XR',	25,	'2020-03-04 07:35:40',	'2020-03-04 07:35:40',	'null'),
(254,	50,	90,	'3',	'0',	'wlwevuacq52t_1583307482',	'1583307482',	'1',	'0',	'R8QG1BO4',	25,	'2020-03-04 07:38:02',	'2020-03-04 07:38:02',	'null'),
(255,	50,	90,	'5',	'0',	'8coyqu0ic074_1583307656',	'1583307656',	'1',	'0',	'V5ON7SZA',	40,	'2020-03-04 07:40:56',	'2020-03-04 07:40:56',	'null'),
(256,	50,	90,	'5',	'0',	'fddxtlvkkgev_1583307972',	'1583307972',	'1',	'0',	'D6Y7EWP8',	40,	'2020-03-04 07:46:12',	'2020-03-04 07:46:12',	'null'),
(257,	50,	90,	'5',	'0',	'ybn6agnpktoq_1583308172',	'1583308172',	'1',	'0',	'9XAJHTLR',	40,	'2020-03-04 07:49:32',	'2020-03-04 07:49:32',	'null'),
(258,	50,	90,	'5',	'0',	'7invvci3zwn0_1583308605',	'1583308605',	'1',	'0',	'ZFRCA19N',	40,	'2020-03-04 07:56:45',	'2020-03-04 07:56:45',	'null'),
(259,	50,	82,	'3',	'0',	'5omzatkhsfs3_1583313757',	'1583313757',	'1',	'0',	'L15V6CYS',	25,	'2020-03-04 09:22:37',	'2020-03-04 09:22:37',	'null'),
(260,	50,	59,	'2',	'0',	'979f7ifvucq1_1583316322',	'1583316322',	'1',	'0',	'XCJN4IG1',	20,	'2020-03-04 10:05:22',	'2020-03-04 10:05:22',	'null'),
(261,	50,	59,	'3',	'0',	'ii9wnpso77nz_1583316592',	'1583316592',	'1',	'0',	'4ZEAGIM9',	30,	'2020-03-04 10:09:52',	'2020-03-04 10:09:52',	'null'),
(262,	50,	59,	'0',	'0',	'x3r21monpfgp_1583405332',	'1583405332',	'1',	'0',	'3JSAOXF9',	0,	'2020-03-05 10:48:52',	'2020-03-05 10:48:52',	'null'),
(263,	50,	59,	'0',	'0',	'd11dehuzb5mm_1583405453',	'1583405453',	'1',	'0',	'S28K4HGB',	0,	'2020-03-05 10:50:53',	'2020-03-05 10:50:53',	'null'),
(264,	50,	59,	'0',	'0',	'tleolw9uvk2k_1583405546',	'1583405546',	'1',	'0',	'TKH853NQ',	0,	'2020-03-05 10:52:26',	'2020-03-05 10:52:26',	'null'),
(265,	50,	59,	'0',	'0',	'zacjkc5roi6c_1583405603',	'1583405603',	'1',	'0',	'N875VBFG',	0,	'2020-03-05 10:53:23',	'2020-03-05 10:53:23',	'null'),
(266,	50,	59,	'0',	'0',	'zgg9pa3ty5pz_1583405618',	'1583405618',	'1',	'0',	'FOK1LC8Q',	0,	'2020-03-05 10:53:38',	'2020-03-05 10:53:38',	'null'),
(267,	50,	59,	'0',	'0',	'l8sckonx9v79_1583405655',	'1583405655',	'1',	'0',	'ZBCWYD2P',	0,	'2020-03-05 10:54:15',	'2020-03-05 10:54:15',	'null'),
(268,	50,	59,	'0',	'0',	'amuxdjk9t55l_1583405662',	'1583405662',	'1',	'0',	'XRA6CH7M',	0,	'2020-03-05 10:54:22',	'2020-03-05 10:54:22',	'null'),
(269,	50,	59,	'0',	'0',	'sispb8qktzan_1583405702',	'1583405702',	'1',	'0',	'6JRZOSDK',	0,	'2020-03-05 10:55:02',	'2020-03-05 10:55:02',	'null'),
(270,	50,	59,	'0',	'0',	'rxvgg6g5sfy2_1583405716',	'1583405716',	'1',	'0',	'WUATRGSN',	0,	'2020-03-05 10:55:16',	'2020-03-05 10:55:16',	'null'),
(271,	50,	59,	'0',	'0',	'hs3ili7vixwz_1583474095',	'1583474095',	'1',	'0',	'G28I6KJP',	0,	'2020-03-06 05:54:55',	'2020-03-06 05:54:55',	'null'),
(272,	50,	59,	'0',	'0',	'ckuwxw9fcstw_1583475536',	'1583475536',	'1',	'0',	'GQMPCF1B',	0,	'2020-03-06 06:18:56',	'2020-03-06 06:18:56',	'null'),
(273,	50,	59,	'0',	'0',	'htp5q060ezru_1583476086',	'1583476086',	'1',	'0',	'B4IT6JXC',	0,	'2020-03-06 06:28:06',	'2020-03-06 06:28:06',	'null'),
(274,	50,	59,	'3',	'0',	'ji0szzdr2qvt_1583476122',	'1583476122',	'1',	'0',	'MLRVUY3E',	0,	'2020-03-06 06:28:42',	'2020-03-06 06:28:42',	'null'),
(275,	50,	59,	'3',	'0',	'fodrm3jlz9gv_1583476170',	'1583476170',	'1',	'0',	'FNYUJ7AX',	0,	'2020-03-06 06:29:30',	'2020-03-06 06:29:30',	'null'),
(276,	50,	59,	'3',	'0',	'joi6d7dol5i1_1583476182',	'1583476182',	'1',	'0',	'JESP1OCH',	0,	'2020-03-06 06:29:42',	'2020-03-06 06:29:42',	'null'),
(277,	50,	59,	'3',	'0',	'w1v728fob7xs_1583476970',	'1583476970',	'1',	'0',	'HPNF2XTL',	0,	'2020-03-06 06:42:50',	'2020-03-06 06:42:50',	'null'),
(278,	50,	59,	'5',	'0',	'c4b4k82b4lm9_1583477449',	'1583477449',	'1',	'0',	'6ZR517L',	0,	'2020-03-06 06:50:49',	'2020-03-06 06:50:49',	'null'),
(279,	59,	101,	'0',	'0',	'o57hyd084o51_1583988903',	'1583988903',	'1',	'0',	'RCYJ97ZF',	0,	'2020-03-12 04:55:03',	'2020-03-12 04:55:03',	'null'),
(280,	59,	101,	'0',	'0',	'i72maczgfvwi_1583989023',	'1583989023',	'1',	'0',	'59NUBVDE',	0,	'2020-03-12 04:57:03',	'2020-03-12 04:57:03',	'null'),
(281,	59,	101,	'5',	'0',	'xyzuuklfusq2_1583992522',	'1583992522',	'1',	'0',	'36WTXDYM',	9,	'2020-03-12 05:55:22',	'2020-03-12 05:55:22',	'null'),
(282,	59,	101,	'5',	'0',	'0ezjtik39995_1583992643',	'1583992643',	'1',	'0',	'AMPFWX6U',	9,	'2020-03-12 05:57:23',	'2020-03-12 05:57:23',	'null'),
(283,	59,	101,	'5',	'0',	'6s8eqzbobbfh_1583992773',	'1583992773',	'1',	'0',	'16ED9PLH',	9,	'2020-03-12 05:59:33',	'2020-03-12 05:59:33',	'null'),
(284,	59,	101,	'5',	'0',	'tbhhy8v456tw_1583992893',	'1583992893',	'1',	'0',	'ZXCAOILB',	9,	'2020-03-12 06:01:33',	'2020-03-12 06:01:33',	'null'),
(285,	59,	101,	'5',	'0',	'wngzjgbr0bwb_1583993284',	'1583993284',	'1',	'0',	'TS65GYAU',	9,	'2020-03-12 06:08:04',	'2020-03-12 06:08:04',	'null'),
(286,	59,	101,	'5',	'0',	'wgjx4x97bku3_1583993404',	'1583993404',	'1',	'0',	'IVXSPAOB',	9,	'2020-03-12 06:10:04',	'2020-03-12 06:10:04',	'null'),
(287,	59,	101,	'5',	'0',	'mez21usa739f_1583993836',	'1583993836',	'1',	'0',	'IZLE5K67',	9,	'2020-03-12 06:17:16',	'2020-03-12 06:17:16',	'null'),
(288,	59,	101,	'5',	'0',	'3ebnhkftwdil_1583993956',	'1583993956',	'1',	'0',	'IPL4QK51',	9,	'2020-03-12 06:19:16',	'2020-03-12 06:19:16',	'null'),
(289,	59,	101,	'0',	'0',	'treuskjtbw6k_1583994427',	'1583994427',	'1',	'0',	'ULTHC45G',	0,	'2020-03-12 06:27:07',	'2020-03-12 06:27:07',	'null'),
(290,	59,	101,	'0',	'0',	'7f2ka5shz1tv_1583994429',	'1583994429',	'1',	'0',	'KPAC7DIF',	0,	'2020-03-12 06:27:09',	'2020-03-12 06:27:09',	'null'),
(291,	59,	101,	'5',	'0',	'0m1dpdbrdhel_1583994513',	'1583994513',	'1',	'0',	'TFPI3RM2',	9,	'2020-03-12 06:28:33',	'2020-03-12 06:28:33',	'null'),
(292,	59,	101,	'5',	'0',	'iln429siy4bm_1583994634',	'1583994634',	'1',	'0',	'JOLRT3WD',	9,	'2020-03-12 06:30:34',	'2020-03-12 06:30:34',	'null'),
(293,	59,	101,	'5',	'0',	'mbynbduon3nj_1583994969',	'1583994969',	'1',	'0',	'4RSP3QAN',	9,	'2020-03-12 06:36:09',	'2020-03-12 06:36:09',	'null'),
(294,	59,	101,	'5',	'0',	'xud5txnkgqf9_1583995090',	'1583995090',	'1',	'0',	'MLA38SJK',	9,	'2020-03-12 06:38:10',	'2020-03-12 06:38:10',	'null'),
(295,	59,	101,	'5',	'0',	'71g3diys3jyq_1583995274',	'1583995274',	'1',	'0',	'5HYN3CG9',	9,	'2020-03-12 06:41:14',	'2020-03-12 06:41:14',	'null'),
(296,	59,	101,	'5',	'0',	'cdi1quwrjqt6_1583995358',	'1583995358',	'1',	'0',	'UGFN8QEI',	9,	'2020-03-12 06:42:38',	'2020-03-12 06:42:38',	'null'),
(297,	59,	101,	'5',	'0',	'j9nc91wp2m2t_1583995385',	'1583995385',	'1',	'0',	'93FOEWZH',	9,	'2020-03-12 06:43:05',	'2020-03-12 06:43:05',	'null'),
(298,	59,	101,	'5',	'0',	'xjx7la0n2lz3_1583995506',	'1583995506',	'1',	'0',	'VX26INE7',	9,	'2020-03-12 06:45:06',	'2020-03-12 06:45:06',	'null'),
(299,	59,	101,	'5',	'0',	'wp5giis9xt7f_1583995613',	'1583995613',	'1',	'0',	'FRJY2SX9',	9,	'2020-03-12 06:46:53',	'2020-03-12 06:46:53',	'null'),
(300,	59,	101,	'5',	'0',	'5o4w3tg2syp9_1583995733',	'1583995733',	'1',	'0',	'Y23OHWGL',	9,	'2020-03-12 06:48:53',	'2020-03-12 06:48:53',	'null'),
(301,	59,	101,	'5',	'0',	'st2ddiygnfiu_1583995832',	'1583995832',	'1',	'0',	'OTC8DP9',	9,	'2020-03-12 06:50:32',	'2020-03-12 06:50:32',	'null'),
(302,	59,	101,	'5',	'0',	'xaso1h1qddk1_1583995953',	'1583995953',	'1',	'0',	'IH5FZYRS',	9,	'2020-03-12 06:52:33',	'2020-03-12 06:52:33',	'null'),
(303,	59,	101,	'5',	'0',	'lqsuqhvio97n_1583996356',	'1583996356',	'1',	'0',	'S19MZ36B',	9,	'2020-03-12 06:59:16',	'2020-03-12 06:59:16',	'null'),
(304,	59,	101,	'5',	'0',	'68h8llmgey51_1583996476',	'1583996476',	'1',	'0',	'8TMW1IKC',	9,	'2020-03-12 07:01:17',	'2020-03-12 07:01:17',	'null'),
(305,	59,	101,	'5',	'0',	'k9ia0bgse17a_1583997005',	'1583997005',	'1',	'0',	'E6LBGOXY',	9,	'2020-03-12 07:10:05',	'2020-03-12 07:10:05',	'null'),
(306,	59,	101,	'5',	'0',	'2kksn09nvycl_1583997126',	'1583997126',	'1',	'0',	'HR8Q1GXL',	9,	'2020-03-12 07:12:06',	'2020-03-12 07:12:06',	'null'),
(307,	59,	101,	'5',	'0',	'6elmveewv2rc_1583997189',	'1583997189',	'1',	'0',	'XP5QCR9L',	9,	'2020-03-12 07:13:09',	'2020-03-12 07:13:09',	'null'),
(308,	59,	101,	'5',	'0',	'3l5p3ojj9gz7_1583997242',	'1583997242',	'1',	'0',	'NV3Z47KJ',	9,	'2020-03-12 07:14:02',	'2020-03-12 07:14:02',	'null'),
(309,	59,	101,	'5',	'0',	'ztalvh3sska6_1583997269',	'1583997269',	'1',	'0',	'1BZSKGRA',	9,	'2020-03-12 07:14:29',	'2020-03-12 07:14:29',	'null'),
(310,	59,	101,	'5',	'0',	't76oknt7vmey_1583997299',	'1583997299',	'1',	'0',	'P4AQ71DL',	9,	'2020-03-12 07:14:59',	'2020-03-12 07:14:59',	'null'),
(311,	59,	101,	'5',	'0',	'e4fdrpodtlsm_1583997344',	'1583997344',	'1',	'0',	'C1IWUVAH',	9,	'2020-03-12 07:15:44',	'2020-03-12 07:15:44',	'null'),
(312,	59,	101,	'5',	'0',	'urg9weprtnic_1583997382',	'1583997382',	'1',	'0',	'ENAZB8T',	9,	'2020-03-12 07:16:22',	'2020-03-12 07:16:22',	'null'),
(313,	59,	101,	'5',	'0',	'wh2brzvrd0cf_1583997410',	'1583997410',	'1',	'0',	'DV9FOWMY',	9,	'2020-03-12 07:16:50',	'2020-03-12 07:16:50',	'null'),
(314,	59,	101,	'5',	'0',	'kzi545qb2sfw_1583997450',	'1583997450',	'1',	'0',	'DPJ79ZE5',	9,	'2020-03-12 07:17:30',	'2020-03-12 07:17:30',	'null'),
(315,	59,	101,	'5',	'0',	'pe3rx80d5mc6_1583997478',	'1583997478',	'1',	'0',	'W1A39G8J',	9,	'2020-03-12 07:17:59',	'2020-03-12 07:17:59',	'null'),
(316,	59,	101,	'5',	'0',	'bufccouup03b_1583997599',	'1583997599',	'1',	'0',	'B9JKYE5H',	9,	'2020-03-12 07:19:59',	'2020-03-12 07:19:59',	'null'),
(317,	59,	101,	'5',	'0',	'i6tcr38lxwcp_1583998349',	'1583998349',	'1',	'0',	'BQ58CLWH',	9,	'2020-03-12 07:32:29',	'2020-03-12 07:32:29',	'null'),
(318,	59,	101,	'5',	'0',	'3pbzuuacwsz8_1583998470',	'1583998470',	'1',	'0',	'QVFX4IG3',	9,	'2020-03-12 07:34:30',	'2020-03-12 07:34:30',	'null'),
(319,	59,	101,	'5',	'0',	'rnnkhyh1jmqt_1583999068',	'1583999068',	'1',	'0',	'DRLGV8ZX',	9,	'2020-03-12 07:44:28',	'2020-03-12 07:44:28',	'null'),
(320,	59,	101,	'5',	'0',	'ddtbya9fp1ou_1583999115',	'1583999115',	'1',	'0',	'2FX9NM7B',	9,	'2020-03-12 07:45:15',	'2020-03-12 07:45:15',	'null'),
(321,	59,	101,	'5',	'0',	'kmyhx63n24rj_1583999147',	'1583999147',	'1',	'0',	'D4JKRWIM',	9,	'2020-03-12 07:45:47',	'2020-03-12 07:45:47',	'null'),
(322,	59,	101,	'5',	'0',	'6g1p6lyoxdwh_1583999175',	'1583999175',	'1',	'0',	'OW5RXG2B',	9,	'2020-03-12 07:46:15',	'2020-03-12 07:46:15',	'null'),
(323,	59,	101,	'5',	'0',	'9tbkdp420tqo_1584004102',	'1584004102',	'1',	'0',	'4D2BIXVJ',	9,	'2020-03-12 09:08:22',	'2020-03-12 09:08:22',	'null'),
(324,	59,	101,	'5',	'0',	'yzgq8x4symas_1584004223',	'1584004223',	'1',	'0',	'TS4KY83',	9,	'2020-03-12 09:10:23',	'2020-03-12 09:10:23',	'null'),
(325,	59,	101,	'5',	'0',	'508o763dmfso_1584004453',	'1584004453',	'1',	'0',	'QT2EF36Z',	9,	'2020-03-12 09:14:14',	'2020-03-12 09:14:14',	'null'),
(326,	59,	101,	'5',	'0',	'wnqo4k3g0d9a_1584004574',	'1584004574',	'1',	'0',	'9XALVHDR',	9,	'2020-03-12 09:16:14',	'2020-03-12 09:16:14',	'null'),
(327,	59,	101,	'5',	'0',	'w6ud8mwmnm8q_1584005841',	'1584005841',	'1',	'0',	'8Q9A3OHF',	9,	'2020-03-12 09:37:21',	'2020-03-12 09:37:21',	'null'),
(328,	59,	101,	'5',	'0',	'l50wf2ypt7l1_1584005921',	'1584005921',	'1',	'0',	'MA8CSFLX',	9,	'2020-03-12 09:38:41',	'2020-03-12 09:38:41',	'null'),
(329,	59,	101,	'5',	'0',	'6fqxzczk1y8v_1584006041',	'1584006041',	'1',	'0',	'ZYUHVJ1I',	9,	'2020-03-12 09:40:41',	'2020-03-12 09:40:41',	'null'),
(330,	59,	101,	'5',	'0',	'wjw073tctir1_1584006463',	'1584006463',	'1',	'0',	'L7W56VS3',	9,	'2020-03-12 09:47:43',	'2020-03-12 09:47:43',	'null'),
(331,	59,	101,	'5',	'0',	'mecc45xyi7t4_1584006525',	'1584006525',	'1',	'0',	'P4X1VAIR',	9,	'2020-03-12 09:48:45',	'2020-03-12 09:48:45',	'null'),
(332,	59,	101,	'0',	'0',	'enzronnrann3_1584010998',	'1584010998',	'1',	'0',	'9IU5XZCR',	0,	'2020-03-12 11:03:18',	'2020-03-12 11:03:18',	'null'),
(333,	59,	101,	'4',	'0',	'vgqmf3lj1uff_1584011061',	'1584011061',	'1',	'0',	'CN67Z8FA',	6,	'2020-03-12 11:04:21',	'2020-03-12 11:04:21',	'null'),
(334,	59,	101,	'4',	'0',	'c2xsiggsasa5_1584011088',	'1584011088',	'1',	'0',	'UPCVRWM2',	6,	'2020-03-12 11:04:48',	'2020-03-12 11:04:48',	'null'),
(335,	59,	101,	'4',	'0',	'p6q40l92zh6i_1584011117',	'1584011117',	'1',	'0',	'E1T4SHNF',	6,	'2020-03-12 11:05:17',	'2020-03-12 11:05:17',	'null'),
(336,	59,	101,	'4',	'0',	'1vspb49nza7k_1584011151',	'1584011151',	'1',	'0',	'RZUFB9XW',	6,	'2020-03-12 11:05:51',	'2020-03-12 11:05:51',	'null'),
(337,	59,	101,	'4',	'0',	'amh9s4ykgj6b_1584011272',	'1584011272',	'1',	'0',	'TZWAVMIE',	6,	'2020-03-12 11:07:52',	'2020-03-12 11:07:52',	'null'),
(338,	59,	101,	'0',	'0',	'6h0hqy6cbirs_1584011434',	'1584011434',	'1',	'0',	'KG7QV6PA',	0,	'2020-03-12 11:10:34',	'2020-03-12 11:10:34',	'null'),
(339,	59,	101,	'0',	'0',	'zav557tf0ly4_1584011509',	'1584011509',	'1',	'0',	'X1VK3UWR',	0,	'2020-03-12 11:11:49',	'2020-03-12 11:11:49',	'null'),
(340,	59,	101,	'0',	'0',	'97w2pkckakfl_1584011541',	'1584011541',	'1',	'0',	'YOELR69M',	0,	'2020-03-12 11:12:21',	'2020-03-12 11:12:21',	'null'),
(341,	59,	101,	'0',	'0',	'v14v932kflsc_1584011619',	'1584011619',	'1',	'0',	'Q7BMLA9O',	0,	'2020-03-12 11:13:39',	'2020-03-12 11:13:39',	'null'),
(342,	59,	101,	'0',	'0',	'vuet821q3p9a_1584011702',	'1584011702',	'1',	'0',	'JX8BFA',	0,	'2020-03-12 11:15:02',	'2020-03-12 11:15:02',	'null'),
(343,	59,	101,	'0',	'0',	'03geup7yk6i6_1584011823',	'1584011823',	'1',	'0',	'E542HKGA',	0,	'2020-03-12 11:17:03',	'2020-03-12 11:17:03',	'null'),
(344,	59,	101,	'0',	'0',	'll88ui36yklu_1584012293',	'1584012293',	'1',	'0',	'2GX4ANF1',	0,	'2020-03-12 11:24:53',	'2020-03-12 11:24:53',	'null'),
(345,	59,	101,	'0',	'0',	'sna8usk8xpn2_1584012413',	'1584012413',	'1',	'0',	'OX6W8CK',	0,	'2020-03-12 11:26:53',	'2020-03-12 11:26:53',	'null'),
(346,	59,	101,	'0',	'0',	'qvnl120okftw_1584013145',	'1584013145',	'1',	'0',	'582BZHQN',	0,	'2020-03-12 11:39:05',	'2020-03-12 11:39:05',	'null'),
(347,	59,	101,	'0',	'0',	'xfshf1tgepzm_1584013326',	'1584013326',	'1',	'0',	'BD1CUAKW',	0,	'2020-03-12 11:42:06',	'2020-03-12 11:42:06',	'null'),
(348,	59,	101,	'0',	'0',	'gt1905jhh5o7_1584013385',	'1584013385',	'1',	'0',	'VPQOR5DS',	0,	'2020-03-12 11:43:06',	'2020-03-12 11:43:06',	'null'),
(349,	59,	101,	'0',	'0',	'zdph0l8we4to_1584013419',	'1584013419',	'1',	'0',	'LATRPHDZ',	0,	'2020-03-12 11:43:39',	'2020-03-12 11:43:39',	'null'),
(350,	59,	101,	'0',	'0',	'rjh8kxlfyjlj_1584014323',	'1584014323',	'1',	'0',	'XLDHPAJE',	0,	'2020-03-12 11:58:43',	'2020-03-12 11:58:43',	'null'),
(351,	59,	101,	'0',	'0',	'u343sk21oqnt_1584014443',	'1584014443',	'1',	'0',	'7EB9TVKS',	0,	'2020-03-12 12:00:43',	'2020-03-12 12:00:43',	'null'),
(352,	59,	101,	'0',	'0',	'c7ya8ffmnb17_1584014847',	'1584014847',	'1',	'0',	'HCXFY1GU',	0,	'2020-03-12 12:07:27',	'2020-03-12 12:07:27',	'null'),
(353,	59,	101,	'0',	'0',	'h5293qjzxvf8_1584014967',	'1584014967',	'1',	'0',	'SX76OMLG',	0,	'2020-03-12 12:09:27',	'2020-03-12 12:09:27',	'null'),
(354,	59,	101,	'0',	'0',	'k78yd9q8jf1j_1584015636',	'1584015636',	'1',	'0',	'G7KYAJ6Q',	0,	'2020-03-12 12:20:36',	'2020-03-12 12:20:36',	'null'),
(355,	59,	101,	'0',	'0',	'cvo9l4ihmbyg_1584016955',	'1584016955',	'1',	'0',	'9IRDUHZ3',	0,	'2020-03-12 12:42:35',	'2020-03-12 12:42:35',	'null'),
(356,	59,	101,	'0',	'0',	'49wk9xcm3vrb_1584017076',	'1584017076',	'1',	'0',	'GJLUKTFI',	0,	'2020-03-12 12:44:36',	'2020-03-12 12:44:36',	'null'),
(357,	59,	101,	'0',	'0',	'g6pyo67drai2_1584017419',	'1584017419',	'1',	'0',	'LJ8RWXGD',	0,	'2020-03-12 12:50:19',	'2020-03-12 12:50:19',	'null'),
(358,	59,	101,	'0',	'0',	'6qqh147i3u5w_1584017492',	'1584017492',	'1',	'0',	'R9IUZJ1Y',	0,	'2020-03-12 12:51:32',	'2020-03-12 12:51:32',	'null'),
(359,	59,	101,	'0',	'0',	'zpkkhipid5d7_1584017612',	'1584017612',	'1',	'0',	'IBT948OV',	0,	'2020-03-12 12:53:32',	'2020-03-12 12:53:32',	'null'),
(360,	59,	103,	'0',	'0',	'i4p8s7ifnii7_1584070610',	'1584070610',	'1',	'0',	'IECSVTQ4',	0,	'2020-03-13 03:36:50',	'2020-03-13 03:36:50',	'null'),
(361,	59,	103,	'0',	'0',	'mj4wekzjnsui_1584070730',	'1584070730',	'1',	'0',	'G64ZN9B2',	0,	'2020-03-13 03:38:50',	'2020-03-13 03:38:50',	'null'),
(362,	59,	103,	'0',	'0',	'6m8c96qlz4zm_1584070884',	'1584070884',	'1',	'0',	'Y7AFJ2KS',	0,	'2020-03-13 03:41:24',	'2020-03-13 03:41:24',	'null'),
(363,	59,	103,	'0',	'0',	'djrj1fsjz700_1584071005',	'1584071005',	'1',	'0',	'HY24LBT7',	0,	'2020-03-13 03:43:25',	'2020-03-13 03:43:25',	'null'),
(364,	59,	103,	'0',	'0',	'xxaes9j381pt_1584071064',	'1584071064',	'1',	'0',	'N6QY9G8S',	0,	'2020-03-13 03:44:24',	'2020-03-13 03:44:24',	'null'),
(365,	59,	103,	'0',	'0',	'yu46m2k9p9px_1584071185',	'1584071185',	'1',	'0',	'X2HLQIU3',	0,	'2020-03-13 03:46:25',	'2020-03-13 03:46:25',	'null'),
(366,	59,	103,	'0',	'0',	'y5fs09yvbadd_1584079443',	'1584079443',	'1',	'0',	'8CJFEQP4',	0,	'2020-03-13 06:04:03',	'2020-03-13 06:04:03',	'null'),
(367,	59,	103,	'0',	'0',	'hr2akqd7pw85_1584079563',	'1584079563',	'1',	'0',	'XV4OH135',	0,	'2020-03-13 06:06:04',	'2020-03-13 06:06:04',	'null'),
(368,	59,	103,	'0',	'0',	'j6hg13e3v8wi_1584080094',	'1584080094',	'1',	'0',	'#2OD47QFT',	0,	'2020-03-13 06:14:54',	'2020-03-13 06:14:54',	'null'),
(369,	59,	103,	'0',	'0',	'r95ti71uzl7l_1584080215',	'1584080215',	'1',	'0',	'#1IYCS2JG',	0,	'2020-03-13 06:16:55',	'2020-03-13 06:16:55',	'null'),
(370,	52,	101,	'0',	'0',	'rce289htva0l_1584081854',	'1584081854',	'1',	'0',	'#QNF5AG3',	0,	'2020-03-13 06:44:14',	'2020-03-13 06:44:14',	'null'),
(371,	52,	101,	'0',	'0',	'tx75c4pawr0a_1584081974',	'1584081974',	'1',	'0',	'#CGU9DM3',	0,	'2020-03-13 06:46:15',	'2020-03-13 06:46:15',	'null'),
(372,	59,	103,	'0',	'0',	'kjjwcquzr0q7_1584084370',	'1584084370',	'1',	'0',	'#M2G1ILP7',	0,	'2020-03-13 07:26:10',	'2020-03-13 07:26:10',	'null'),
(373,	59,	103,	'0',	'0',	'ipckpdjhm9qa_1584084490',	'1584084490',	'1',	'0',	'#NXVWKJOB',	0,	'2020-03-13 07:28:10',	'2020-03-13 07:28:10',	'null'),
(374,	59,	103,	'0',	'0',	'lldj0zof2l7y_1584084741',	'1584084741',	'1',	'0',	'#KTADJXZU',	0,	'2020-03-13 07:32:21',	'2020-03-13 07:32:21',	'null'),
(375,	59,	103,	'0',	'0',	'b80j2xzikkg2_1584084862',	'1584084862',	'1',	'0',	'#QLI8OVY',	0,	'2020-03-13 07:34:22',	'2020-03-13 07:34:22',	'null'),
(376,	59,	103,	'0',	'0',	'1ckj1erhmzzh_1584084978',	'1584084978',	'1',	'0',	'#XW2O9C58',	0,	'2020-03-13 07:36:18',	'2020-03-13 07:36:18',	'null'),
(377,	59,	103,	'0',	'0',	'06ti50jnnkz3_1584085098',	'1584085098',	'1',	'0',	'#ID6E94Q8',	0,	'2020-03-13 07:38:18',	'2020-03-13 07:38:18',	'null'),
(378,	59,	103,	'0',	'0',	'vq9q3yf1xfq6_1584085516',	'1584085516',	'1',	'0',	'#YVHXC3AQ',	0,	'2020-03-13 07:45:16',	'2020-03-13 07:45:16',	'null'),
(379,	59,	103,	'0',	'0',	'7bwmy0yx4yzc_1584085636',	'1584085636',	'1',	'0',	'#4FU2CW5I',	0,	'2020-03-13 07:47:16',	'2020-03-13 07:47:16',	'null'),
(380,	59,	103,	'0',	'0',	'ksay0ucok5en_1584085737',	'1584085737',	'1',	'0',	'#1JLW5TXY',	0,	'2020-03-13 07:48:57',	'2020-03-13 07:48:57',	'null'),
(381,	59,	103,	'0',	'0',	'js42vwzgxxrv_1584085857',	'1584085857',	'1',	'0',	'#VKTUFHE',	0,	'2020-03-13 07:50:57',	'2020-03-13 07:50:57',	'null'),
(382,	59,	103,	'0',	'0',	'vnt7exf595c4_1584086133',	'1584086133',	'1',	'0',	'#SDE8K7NU',	0,	'2020-03-13 07:55:33',	'2020-03-13 07:55:33',	'null'),
(383,	59,	103,	'0',	'0',	'wb6sxbp6vhop_1584086254',	'1584086254',	'1',	'0',	'#81LKTPAJ',	0,	'2020-03-13 07:57:34',	'2020-03-13 07:57:34',	'null'),
(384,	59,	103,	'0',	'0',	'vl764cqz54nq_1584086300',	'1584086300',	'1',	'0',	'#IGH2YX18',	0,	'2020-03-13 07:58:20',	'2020-03-13 07:58:20',	'null'),
(385,	59,	103,	'0',	'0',	'vpa1axk8dy76_1584086421',	'1584086421',	'1',	'0',	'#W9BF8KEA',	0,	'2020-03-13 08:00:21',	'2020-03-13 08:00:21',	'null'),
(386,	59,	103,	'0',	'0',	'1rte3l5jtytl_1584086460',	'1584086460',	'1',	'0',	'#A2CF94K5',	0,	'2020-03-13 08:01:00',	'2020-03-13 08:01:00',	'null'),
(387,	59,	103,	'0',	'0',	'eb6jtghfpi5v_1584086581',	'1584086581',	'1',	'0',	'#H7Y62JUZ',	0,	'2020-03-13 08:03:01',	'2020-03-13 08:03:01',	'null'),
(388,	59,	103,	'0',	'0',	'0zm1uhure43y_1584090731',	'1584090731',	'1',	'0',	'#1E39MQKF',	0,	'2020-03-13 09:12:11',	'2020-03-13 09:12:11',	'null'),
(389,	59,	103,	'0',	'0',	'4nujlh2o0d9b_1584090852',	'1584090852',	'1',	'0',	'#TNJD3ZF9',	0,	'2020-03-13 09:14:12',	'2020-03-13 09:14:12',	'null'),
(390,	59,	103,	'0',	'0',	'irajvo416fpl_1584091007',	'1584091007',	'1',	'0',	'#VSLY5HAQ',	0,	'2020-03-13 09:16:47',	'2020-03-13 09:16:47',	'null'),
(391,	59,	103,	'0',	'0',	'u80foymvles3_1584091128',	'1584091128',	'1',	'0',	'#SBH71YQ3',	0,	'2020-03-13 09:18:48',	'2020-03-13 09:18:48',	'null'),
(392,	59,	103,	'0',	'0',	'm8n78c0p017u_1584091214',	'1584091214',	'1',	'0',	'#UDERNFMC',	0,	'2020-03-13 09:20:14',	'2020-03-13 09:20:14',	'null'),
(393,	59,	103,	'0',	'0',	'mso3rerpv8zz_1584091295',	'1584091295',	'1',	'0',	'#BYTGDO51',	0,	'2020-03-13 09:21:35',	'2020-03-13 09:21:35',	'null'),
(394,	59,	103,	'0',	'0',	'ckzh9q2il319_1584091315',	'1584091315',	'1',	'0',	'#X47JVE2N',	0,	'2020-03-13 09:21:55',	'2020-03-13 09:21:55',	'null'),
(395,	59,	103,	'0',	'0',	'7zvn6sag9bkp_1584091436',	'1584091436',	'1',	'0',	'#UZNMWIHE',	0,	'2020-03-13 09:23:56',	'2020-03-13 09:23:56',	'null'),
(396,	59,	103,	'0',	'0',	'kipuw7mzwqer_1584091523',	'1584091523',	'1',	'0',	'#2TEO8A7I',	0,	'2020-03-13 09:25:23',	'2020-03-13 09:25:23',	'null'),
(397,	59,	103,	'0',	'0',	'5hwr9w8yk2uu_1584091605',	'1584091605',	'1',	'0',	'#NPHO5KAQ',	0,	'2020-03-13 09:26:45',	'2020-03-13 09:26:45',	'null'),
(398,	59,	103,	'0',	'0',	'96evith0s9n2_1584091647',	'1584091647',	'1',	'0',	'#T3NOACVE',	0,	'2020-03-13 09:27:27',	'2020-03-13 09:27:27',	'null'),
(399,	59,	103,	'0',	'0',	'slkdknzdojdn_1584091768',	'1584091768',	'1',	'0',	'#M4C3XQVU',	0,	'2020-03-13 09:29:28',	'2020-03-13 09:29:28',	'null'),
(400,	59,	103,	'0',	'0',	'5gb85k8h4kbk_1584091859',	'1584091859',	'1',	'0',	'#1AB4OUZ7',	0,	'2020-03-13 09:30:59',	'2020-03-13 09:30:59',	'null'),
(401,	59,	103,	'0',	'0',	'f72oaaxtcz4q_1584091979',	'1584091979',	'1',	'0',	'#XZ6H8YSB',	0,	'2020-03-13 09:32:59',	'2020-03-13 09:32:59',	'null'),
(402,	59,	103,	'0',	'0',	'pepgl6x3ucal_1584092227',	'1584092227',	'1',	'0',	'#EH3281PI',	0,	'2020-03-13 09:37:07',	'2020-03-13 09:37:07',	'null'),
(403,	59,	103,	'0',	'0',	'926qjok9pp1k_1584092348',	'1584092348',	'1',	'0',	'#PGCXZWUY',	0,	'2020-03-13 09:39:08',	'2020-03-13 09:39:08',	'null'),
(404,	59,	103,	'0',	'0',	'bnk4ojp8khud_1584092477',	'1584092477',	'1',	'0',	'#S8L7956B',	0,	'2020-03-13 09:41:17',	'2020-03-13 09:41:17',	'null'),
(405,	59,	103,	'0',	'0',	'ogjddgympkdd_1584092597',	'1584092597',	'1',	'0',	'#26XNS8JH',	0,	'2020-03-13 09:43:17',	'2020-03-13 09:43:17',	'null'),
(406,	59,	103,	'0',	'0',	'kw5js6o2dd46_1584092772',	'1584092772',	'1',	'0',	'#1SOJQ37Y',	0,	'2020-03-13 09:46:12',	'2020-03-13 09:46:12',	'null'),
(407,	59,	103,	'0',	'0',	'dmj9xmzb30ss_1584092817',	'1584092817',	'1',	'0',	'#XFIAKZ',	0,	'2020-03-13 09:46:57',	'2020-03-13 09:46:57',	'null'),
(408,	59,	103,	'0',	'0',	'x74flv3615my_1584092864',	'1584092864',	'1',	'0',	'#FP1X86SI',	0,	'2020-03-13 09:47:44',	'2020-03-13 09:47:44',	'null'),
(409,	59,	103,	'0',	'0',	'leauvk8j6r3z_1584092936',	'1584092936',	'1',	'0',	'#SNB4YIDW',	0,	'2020-03-13 09:48:56',	'2020-03-13 09:48:56',	'null'),
(410,	59,	103,	'0',	'0',	'9g9p6v9xzfs6_1584093057',	'1584093057',	'1',	'0',	'#MAJPDY4V',	0,	'2020-03-13 09:50:57',	'2020-03-13 09:50:57',	'null'),
(411,	59,	103,	'0',	'0',	'417xr476krt6_1584093107',	'1584093107',	'1',	'0',	'#B5J6LNDV',	0,	'2020-03-13 09:51:47',	'2020-03-13 09:51:47',	'null'),
(412,	59,	103,	'0',	'0',	'90bahqbh4y5l_1584093228',	'1584093228',	'1',	'0',	'#KURMPB6W',	0,	'2020-03-13 09:53:48',	'2020-03-13 09:53:48',	'null'),
(413,	59,	103,	'0',	'0',	'3bft8coewkrz_1584093924',	'1584093924',	'1',	'0',	'#R9Q56DM3',	0,	'2020-03-13 10:05:24',	'2020-03-13 10:05:24',	'null'),
(414,	59,	103,	'0',	'0',	'tfo5wll197v2_1584094697',	'1584094697',	'1',	'0',	'#AJQCZH9D',	0,	'2020-03-13 10:18:17',	'2020-03-13 10:18:17',	'null'),
(415,	59,	103,	'0',	'0',	'gt6lio5el9lx_1584095720',	'1584095720',	'1',	'0',	'#VT4MBLZ2',	0,	'2020-03-13 10:35:20',	'2020-03-13 10:35:20',	'null'),
(416,	59,	103,	'0',	'0',	'2v7d5jhspwxy_1584095825',	'1584095825',	'1',	'0',	'#A6SZJVP4',	0,	'2020-03-13 10:37:05',	'2020-03-13 10:37:05',	'null'),
(417,	59,	103,	'0',	'0',	'fyl2qcabuzu4_1584096094',	'1584096094',	'1',	'0',	'#YX4U258N',	0,	'2020-03-13 10:41:34',	'2020-03-13 10:41:34',	'null'),
(418,	59,	103,	'0',	'0',	'06v4op0v3wyp_1584096231',	'1584096231',	'1',	'0',	'#S9D7TPKL',	0,	'2020-03-13 10:43:51',	'2020-03-13 10:43:51',	'null'),
(419,	59,	102,	'0',	'0',	'7658l9ee798j_1584097663',	'1584097663',	'1',	'0',	'#UJDBWVIN',	0,	'2020-03-13 11:07:43',	'2020-03-13 11:07:43',	'null'),
(420,	59,	102,	'0',	'0',	'6fc8f3j62zio_1584097944',	'1584097944',	'1',	'0',	'#SAIYH4Q5',	0,	'2020-03-13 11:12:24',	'2020-03-13 11:12:24',	'null'),
(421,	59,	102,	'0',	'0',	'1oe9ilnnf9zd_1584098123',	'1584098123',	'1',	'0',	'#R2P8CHA5',	0,	'2020-03-13 11:15:23',	'2020-03-13 11:15:23',	'null'),
(422,	59,	102,	'0',	'0',	'qhn94x6evknp_1584098433',	'1584098433',	'1',	'0',	'#YJXCWEQL',	0,	'2020-03-13 11:20:33',	'2020-03-13 11:20:33',	'null'),
(423,	59,	102,	'0',	'0',	'trhyr8pmkajd_1584098720',	'1584098720',	'1',	'0',	'#6UTSO2FW',	0,	'2020-03-13 11:25:20',	'2020-03-13 11:25:20',	'null'),
(424,	59,	103,	'0',	'0',	'0v946d5xbuw8_1584099142',	'1584099142',	'1',	'0',	'#HCPVWL3I',	0,	'2020-03-13 11:32:22',	'2020-03-13 11:32:22',	'null'),
(425,	59,	102,	'0',	'0',	'ymv2sx2jag0o_1584100598',	'1584100598',	'1',	'0',	'#YW46V8RX',	0,	'2020-03-13 11:56:38',	'2020-03-13 11:56:38',	'null'),
(426,	59,	101,	'0',	'0',	'usuzkzvgm6hx_1584100847',	'1584100847',	'1',	'0',	'#F7ALV4S',	0,	'2020-03-13 12:00:47',	'2020-03-13 12:00:47',	'null'),
(427,	59,	101,	'0',	'0',	'mhldaclxdsk3_1584101962',	'1584101962',	'1',	'0',	'#WFQPKRV',	0,	'2020-03-13 12:19:22',	'2020-03-13 12:19:22',	'null'),
(428,	59,	101,	'0',	'0',	'efd7vqh0rxoc_1584102075',	'1584102075',	'1',	'0',	'#NMLP2GSB',	0,	'2020-03-13 12:21:15',	'2020-03-13 12:21:15',	'null'),
(429,	52,	101,	'0',	'0',	'inasetewslgn_1584352008',	'1584352008',	'1',	'0',	'#Q2EXWCYG',	0,	'2020-03-16 09:46:48',	'2020-03-16 09:46:48',	'null'),
(430,	59,	100,	'0',	'0',	'ufynkvw6uuqh_1584696337',	'1584696337',	'1',	'0',	'#LWPCYQSN',	0,	'2020-03-20 09:25:37',	'2020-03-20 09:25:37',	'null'),
(431,	61,	99,	'0',	'0',	'mn9sxh3tit6u_1585292740',	'1585292740',	'1',	'0',	'#9JUV3SBR',	0,	'2020-03-27 07:05:40',	'2020-03-27 07:05:40',	'null'),
(432,	64,	101,	'0',	'0',	'tsjh0mjtpjq3_1585313123',	'1585313123',	'1',	'0',	'8MVJ3NS5',	0,	'2020-03-27 12:45:23',	'2020-03-27 12:45:23',	'[{\"type\": \"Free\", \"count\": \"2\", \"price\": 0, \"total\": 0, \"package\": \"wwfq\", \"quantity\": 6}, {\"type\": \"Paid\", \"count\": \"3\", \"price\": 3, \"total\": 9, \"package\": \"wfwqf\", \"quantity\": 10}]'),
(433,	64,	101,	'0',	'0',	'2nl6caawftaa_1585313243',	'1585313243',	'1',	'0',	'3NEFI8K4',	0,	'2020-03-27 12:47:23',	'2020-03-27 12:47:23',	'[{\"type\": \"Free\", \"count\": \"2\", \"price\": 0, \"total\": 0, \"package\": \"wwfq\", \"quantity\": 6}, {\"type\": \"Paid\", \"count\": \"3\", \"price\": 3, \"total\": 9, \"package\": \"wfwqf\", \"quantity\": 10}]'),
(434,	64,	101,	'0',	'0',	'znn19v80u0d1_1585313754',	'1585313754',	'1',	'0',	'3O8UXGAT',	0,	'2020-03-27 12:55:54',	'2020-03-27 12:55:54',	'[{\"type\": \"Free\", \"count\": \"2\", \"price\": 0, \"total\": 0, \"package\": \"wwfq\", \"quantity\": 6}, {\"type\": \"Paid\", \"count\": \"3\", \"price\": 3, \"total\": 9, \"package\": \"wfwqf\", \"quantity\": 10}]'),
(435,	64,	101,	'0',	'0',	'1k7z6eqdddan_1585313806',	'1585313806',	'1',	'0',	'IGQTPNMO',	0,	'2020-03-27 12:56:47',	'2020-03-27 12:56:47',	'[{\"type\": \"Free\", \"count\": \"2\", \"price\": 0, \"total\": 0, \"package\": \"wwfq\", \"quantity\": 6}, {\"type\": \"Paid\", \"count\": \"3\", \"price\": 3, \"total\": 9, \"package\": \"wfwqf\", \"quantity\": 10}]'),
(436,	64,	101,	'0',	'0',	'p9iixmdsx6w5_1585313894',	'1585313894',	'1',	'0',	'CPXZR2AI',	0,	'2020-03-27 12:58:14',	'2020-03-27 12:58:14',	'[{\"type\": \"Free\", \"count\": \"2\", \"price\": 0, \"total\": 0, \"package\": \"wwfq\", \"quantity\": 6}, {\"type\": \"Paid\", \"count\": \"3\", \"price\": 3, \"total\": 9, \"package\": \"wfwqf\", \"quantity\": 10}]'),
(437,	64,	101,	'0',	'0',	'tpaqc92nqglk_1585314123',	'1585314123',	'1',	'0',	'MNFV4K9W',	0,	'2020-03-27 01:02:03',	'2020-03-27 13:02:03',	'[{\"type\": \"Free\", \"count\": \"2\", \"price\": 0, \"total\": 0, \"package\": \"wwfq\", \"quantity\": 6}, {\"type\": \"Paid\", \"count\": \"3\", \"price\": 3, \"total\": 9, \"package\": \"wfwqf\", \"quantity\": 10}]'),
(438,	64,	101,	'0',	'0',	'tg1ajvox7946_1585314486',	'1585314486',	'1',	'0',	'P6BMV2TE',	0,	'2020-03-27 01:08:06',	'2020-03-27 13:08:06',	'[{\"type\": \"Free\", \"count\": \"2\", \"price\": 0, \"total\": 0, \"package\": \"wwfq\", \"quantity\": 6}, {\"type\": \"Paid\", \"count\": \"3\", \"price\": 3, \"total\": 9, \"package\": \"wfwqf\", \"quantity\": 10}]'),
(439,	64,	107,	'0',	'0',	'y8rspj2e3wu7_1585314669',	'1585314669',	'1',	'0',	'XO6E8RC',	0,	'2020-03-27 01:11:10',	'2020-03-27 13:11:10',	'[{\"type\": \"Free\", \"count\": \"4\", \"price\": 0, \"total\": 0, \"package\": \"free\", \"quantity\": 10}, {\"type\": \"Paid\", \"count\": \"4\", \"price\": 10, \"total\": 40, \"package\": \"paid\", \"quantity\": 10}]'),
(440,	61,	107,	'0',	'0',	'bw66p1rbrhez_1585315264',	'1585315264',	'1',	'0',	'3SPZUGN5',	0,	'2020-03-27 01:21:04',	'2020-03-27 13:21:04',	'[{\"type\": \"Free\", \"count\": \"2\", \"price\": 0, \"total\": 0, \"package\": \"free\", \"quantity\": 10}, {\"type\": \"Paid\", \"count\": \"1\", \"price\": 10, \"total\": 10, \"package\": \"paid\", \"quantity\": 10}]');

-- 2020-03-28 06:26:06